Workbook

Sheet Question
B4: Will Messi win the World cup 2026?
B5: Yes | C5: 0.5 | D5: No | E5: 0.5
B8: All possible winnings should be 0.5|0.5
B9: This is to show only estimated possible winnings
B10: When showing possible winnings we have to alert the players that Estimated Possible winnings maybe more or less than shown, depending on the players

Sheet Players Bet
B2: WHAT PLAYERS SEE BEFORE THEY PLACE BETS
B4: SELECTION | C4: PLAYERS | D4: STAKE | E4: Percentage (0.5) | F4: Possible Winnings | I4: TOTAL POOL | J4: =J6+J5 -> 666000
B5: Yes | C5: Jimmy | D5: 1000 | E5: =D5*0.5 -> 500 | F5: =D5+E5 -> 1500 | I5: YES POOL | J5: =D8 -> 16000
C6: Fulgence | D6: 5000 | E6: =D6*0.5 -> 2500 | F6: =D6+E6 -> 7500 | I6: NO POOL | J6: =D17 -> 650000
C7: Ali | D7: 10000 | E7: =D7*0.5 -> 5000 | F7: =D7+E7 -> 15000
D8: =SUM(D5:D7) -> 16000
I9: POSSIBLE WINNINGS
I10: We will use 0.5 | 0.5 odds to use for calculating [possible winnings.
B11: WHAT PLAYERS SEE BEFORE THEY PLACE BETS | I11: To support this means 50% -50% to which the result may fall
B13: SELECTION | C13: PLAYERS | D13: STAKE | E13: Percentage (0.5) | F13: Possible Winnings
B14: NO | C14: Jay | D14: 100000 | E14: =D14*0.5 -> 50000 | F14: =D14+E14 -> 150000
C15: Dhiresh | D15: 250000 | E15: =D15*0.5 -> 125000 | F15: =D15+E15 -> 375000
C16: Hussein | D16: 300000 | E16: =D16*0.5 -> 150000 | F16: =D16+E16 -> 450000
D17: =SUM(D14:D16) -> 650000

Sheet Fee structure
G2: TOTAL POOL | H2: ='Players Bet'!J4 -> 666000
C3: We will have 2 kind of fees | G3: YES POOL | H3: ='Players Bet'!J5 -> 16000
C4: Platform Fee | D4: 0.03 | G4: NO POOL | H4: ='Players Bet'!J6 -> 650000
C5: Operator Fee | D5: 0.1
C7: Both fees will be deducted only on net winnings | G7: SELECTION | H7: YES | I7: NO
C8: Therefore, Total pool - Stakes = Winnings | G8: PLATFORM FEE | H8: =E13 -> 19500 | I8: =E14 -> 480
C9: Fee = (Winnings*Platform Fee)+(winnings*Operators Fee) | G9: OPERATORS FEE | H9: =F13 -> 65000 | I9: =F14 -> 1600
G10: TOTAL FEE | H10: =SUM(H8:H9) -> 84500 | I10: =SUM(I8:I9) -> 2080
C12: Fee Structure | D12: Winnings | E12: Platform Fee 3% | F12: Operators Fee 10% | G12: Total Net Winnings
C13: Yes to Win | D13: 650000 | E13: =D13*3% -> 19500 | F13: =D13*10% -> 65000 | G13: =D13-E13-F13 -> 565500
C14: No to Win | D14: 16000 | E14: =D14*3% -> 480 | F14: =D14*10% -> 1600 | G14: =D14-E14-F14 -> 13920
D15: =SUM(D13:D14) -> 666000 | E15: =SUM(E13:E14) -> 19980 | F15: =SUM(F13:F14) -> 66600 | G15: =SUM(G13:G14) -> 579420
C18: Therefore:
C19: If yes wins than the Fees are TZS 84,500
C20: If no wins than the fees are TZS 2,080
C21: Payout distribution for Yes will be 565,500 and for No is 13,920

Sheet Payout distribution
C4: Name | D4: Stake | E4: Yes Pool | F4: Percentage | G4: Total Net Winnings | H4: Net Winnings | I4: Stake + Net Winnings | J4: Possible winnings
B5: YES | C5: Jimmy | D5: 1000 | E5: =D8 -> 16000 | F5: =(D5/E5) -> 0.0625 | G5: ='Fee structure'!G13 -> 565500 | H5: =F5*G5 -> 35343.75 | I5: =D5+H5 -> 36343.75 | J5: ='Players Bet'!F5 -> 1500
C6: Fulgence | D6: 5000 | E6: =D8 -> 16000 | F6: =D6/E6 -> 0.3125 | G6: =G5 -> 565500 | H6: =F6*G6 -> 176718.75 | I6: =D6+H6 -> 181718.75 | J6: ='Players Bet'!F6 -> 7500
C7: Ali | D7: 10000 | E7: =D8 -> 16000 | F7: =D7/E7 -> 0.625 | G7: =G6 -> 565500 | H7: =G7*F7 -> 353437.5 | I7: =D7+H7 -> 363437.5 | J7: ='Players Bet'!F7 -> 15000
D8: =SUM(D5:D7) -> 16000 | F8: =SUM(F5:F7) -> 1 | H8: =SUM(H5:H7) -> 565500 | I8: =SUM(I5:I7) -> 581500
C11: Name | D11: Stake | E11: No Pool | F11: Percentage | G11: Total Net Winnings | H11: Net Winnings | I11: Stake + Net Winnings | J11: Possible winnings
B12: NO | C12: Jay | D12: 100000 | E12: 650000 | F12: =D12/E12 -> 0.15384615 | G12: ='Fee structure'!G14 -> 13920 | H12: =G12*F12 -> 2141.5385 | I12: =H12+D12 -> 102141.54 | J12: ='Players Bet'!F14 -> 150000
C13: Dhiresh | D13: 250000 | E13: 650000 | F13: =D13/E13 -> 0.38461538 | G13: =G12 -> 13920 | H13: =G13*F13 -> 5353.8462 | I13: =H13+D13 -> 255353.85 | J13: ='Players Bet'!F15 -> 375000
C14: Hussein | D14: 300000 | E14: 650000 | F14: =D14/E14 -> 0.46153846 | G14: =G13 -> 13920 | H14: =G14*F14 -> 6424.6154 | I14: =H14+D14 -> 306424.62 | J14: ='Players Bet'!F16 -> 450000
D15: =SUM(D12:D14) -> 650000 | F15: =SUM(F12:F14) -> 1 | H15: =SUM(H12:H14) -> 13920 | I15: =SUM(I12:I14) -> 663920
C18: Calculations:
C19: Percentage = Stake/Yes or No pool
